sampleID,read1_file_name,read2_file_name
Y6-CD4NCD31-,HFTGJDSX5_105217-001-001_ACTAAGAT-CCGCGGTT_L001_R1.fastq.gz,HFTGJDSX5_105217-001-001_ACTAAGAT-CCGCGGTT_L001_R2.fastq.gz
Y6-CD4NCD31,HFTGJDSX5_105217-001-002_GTCGGAGC-TTATAACC_L001_R1.fastq.gz,HFTGJDSX5_105217-001-002_GTCGGAGC-TTATAACC_L001_R2.fastq.gz
Y6-CD4CM,HFTGJDSX5_105217-001-003_CTTGGTAT-GGACTTGG_L001_R1.fastq.gz,HFTGJDSX5_105217-001-003_CTTGGTAT-GGACTTGG_L001_R2.fastq.gz
Y6-CD4EM,HFTGJDSX5_105217-001-004_TCCAACGC-AAGTCCAA_L001_R1.fastq.gz,HFTGJDSX5_105217-001-004_TCCAACGC-AAGTCCAA_L001_R2.fastq.gz
Y6-CD4Treg,HFTGJDSX5_105217-001-005_CCGTGAAG-ATCCACTG_L001_R1.fastq.gz,HFTGJDSX5_105217-001-005_CCGTGAAG-ATCCACTG_L001_R2.fastq.gz
Y6-CD8N,HFTGJDSX5_105217-001-006_TTACAGGA-GCTTGTCA_L001_R1.fastq.gz,HFTGJDSX5_105217-001-006_TTACAGGA-GCTTGTCA_L001_R2.fastq.gz
Y6-CD8EM,HFTGJDSX5_105217-001-007_GGCATTCT-CAAGCTAG_L001_R1.fastq.gz,HFTGJDSX5_105217-001-007_GGCATTCT-CAAGCTAG_L001_R2.fastq.gz
Y7-CD4NCD31-,HFTGJDSX5_105217-001-022_GCAATGCA-AACGTTCC_L001_R1.fastq.gz,HFTGJDSX5_105217-001-022_GCAATGCA-AACGTTCC_L001_R2.fastq.gz
Y7-CD4CM,HFTGJDSX5_105217-001-024_ACCTTGGC-ATGAGGCC_L001_R1.fastq.gz,HFTGJDSX5_105217-001-024_ACCTTGGC-ATGAGGCC_L001_R2.fastq.gz
Y7-CD4EM,HFTGJDSX5_105217-001-025_ACTAAGAT-CCGCGGTT_L002_R1.fastq.gz,HLJFCDRX2_105217-001-025_ACTAAGAT-CCGCGGTT_L002_R2.fastq.gz
Y7-CD4Treg,HFTGJDSX5_105217-001-026_GTCGGAGC-TTATAACC_L002_R1.fastq.gz,HLJFCDRX2_105217-001-026_GTCGGAGC-TTATAACC_L002_R2.fastq.gz
Y7-CD8N,HFTGJDSX5_105217-001-027_CTTGGTAT-GGACTTGG_L002_R1.fastq.gz,HFTGJDSX5_105217-001-027_CTTGGTAT-GGACTTGG_L002_R2.fastq.gz
Y7-CD8EM,HFTGJDSX5_105217-001-028_TCCAACGC-AAGTCCAA_L002_R1.fastq.gz,HFTGJDSX5_105217-001-028_TCCAACGC-AAGTCCAA_L002_R2.fastq.gz
Y3-CD4NCD31-,HGTTYDSX2_104492-003-001_ACTAAGAT-CCGCGGTT_L001_R1.fastq.gz,HGTTYDSX2_104492-003-001_ACTAAGAT-CCGCGGTT_L001_R2.fastq.gz
Y3-CD4NCD31,HGTTYDSX2_104492-003-002_GTCGGAGC-TTATAACC_L001_R1.fastq.gz,HGTTYDSX2_104492-003-002_GTCGGAGC-TTATAACC_L001_R2.fastq.gz
Y3-CD4CM,HGTTYDSX2_104492-003-003_CTTGGTAT-GGACTTGG_L001_R1.fastq.gz,HGTTYDSX2_104492-003-003_CTTGGTAT-GGACTTGG_L001_R2.fastq.gz
Y3-CD4EM,HGTTYDSX2_104492-003-004_TCCAACGC-AAGTCCAA_L001_R1.fastq.gz,HGTTYDSX2_104492-003-004_TCCAACGC-AAGTCCAA_L001_R2.fastq.gz
Y3-CD4Treg,HGTTYDSX2_104492-003-005_CCGTGAAG-ATCCACTG_L001_R1.fastq.gz,HGTTYDSX2_104492-003-005_CCGTGAAG-ATCCACTG_L001_R2.fastq.gz
Y3-CD8N,HGTTYDSX2_104492-003-006_TTACAGGA-GCTTGTCA_L001_R1.fastq.gz,HGTTYDSX2_104492-003-006_TTACAGGA-GCTTGTCA_L001_R2.fastq.gz
Y3-CD8EM,HGTTYDSX2_104492-003-007_GGCATTCT-CAAGCTAG_L001_R1.fastq.gz,HGTTYDSX2_104492-003-007_GGCATTCT-CAAGCTAG_L001_R2.fastq.gz
Y1-CD4NCD31-,HGTTYDSX2_104492-003-008_AATGCCTC-TGGATCGA_L001_R1.fastq.gz,HGTTYDSX2_104492-003-008_AATGCCTC-TGGATCGA_L001_R2.fastq.gz
Y1-CD4NCD31,HGTTYDSX2_104492-003-009_TACCGAGG-AGTTCAGG_L001_R1.fastq.gz,HGTTYDSX2_104492-003-009_TACCGAGG-AGTTCAGG_L001_R2.fastq.gz
Y1-CD4CM,HGTTYDSX2_104492-003-010_CGTTAGAA-GACCTGAA_L001_R1.fastq.gz,HGTTYDSX2_104492-003-010_CGTTAGAA-GACCTGAA_L001_R2.fastq.gz
Y1-CD4EM,HGTTYDSX2_104492-003-011_AGCCTCAT-TCTCTACT_L001_R1.fastq.gz,HGTTYDSX2_104492-003-011_AGCCTCAT-TCTCTACT_L001_R2.fastq.gz
Y1-CD8N,HGTTYDSX2_104492-003-013_TCGTAGTG-CCAAGTCT_L001_R1.fastq.gz,HGTTYDSX2_104492-003-013_TCGTAGTG-CCAAGTCT_L001_R2.fastq.gz
Y1-CD8EM,HGTTYDSX2_104492-003-014_CTACGACA-TTGGACTC_L001_R1.fastq.gz,HGTTYDSX2_104492-003-014_CTACGACA-TTGGACTC_L001_R2.fastq.gz
Y4-CD4NCD31-,HGTTYDSX2_104492-003-015_TAAGTGGT-GGCTTAAG_L001_R1.fastq.gz,HGTTYDSX2_104492-003-015_TAAGTGGT-GGCTTAAG_L001_R2.fastq.gz
Y4-CD4NCD31,HGTTYDSX2_104492-003-016_CGGACAAC-AATCCGGA_L001_R1.fastq.gz,HGTTYDSX2_104492-003-016_CGGACAAC-AATCCGGA_L001_R2.fastq.gz
Y4-CD4CM,HGTTYDSX2_104492-003-017_ATATGGAT-TAATACAG_L001_R1.fastq.gz,HGTTYDSX2_104492-003-017_ATATGGAT-TAATACAG_L001_R2.fastq.gz
Y4-CD4EM,HGTTYDSX2_104492-003-018_GCGCAAGC-CGGCGTGA_L001_R1.fastq.gz,HGTTYDSX2_104492-003-018_GCGCAAGC-CGGCGTGA_L001_R2.fastq.gz
Y4-CD4Treg,HGTTYDSX2_104492-003-019_AAGATACT-ATGTAAGT_L001_R1.fastq.gz,HGTTYDSX2_104492-003-019_AAGATACT-ATGTAAGT_L001_R2.fastq.gz
Y4-CD8N,HGTTYDSX2_104492-003-020_GGAGCGTC-GCACGGAC_L001_R1.fastq.gz,HGTTYDSX2_104492-003-020_GGAGCGTC-GCACGGAC_L001_R2.fastq.gz
Y5-CD4NCD31-,HJM2TDSX2_104492-003-029_CCGTGAAG-ATCCACTG_L001_R1.fastq.gz,HJM2TDSX2_104492-003-029_CCGTGAAG-ATCCACTG_L001_R2.fastq.gz
Y5-CD4NCD31,HJM2TDSX2_104492-003-030_TTACAGGA-GCTTGTCA_L001_R1.fastq.gz,HJM2TDSX2_104492-003-030_TTACAGGA-GCTTGTCA_L001_R2.fastq.gz
Y5-CD4CM,HJM2TDSX2_104492-003-031_GGCATTCT-CAAGCTAG_L001_R1.fastq.gz,HJM2TDSX2_104492-003-031_GGCATTCT-CAAGCTAG_L001_R2.fastq.gz
Y5-CD4EM,HJM2TDSX2_104492-003-032_AATGCCTC-TGGATCGA_L001_R1.fastq.gz,HJM2TDSX2_104492-003-032_AATGCCTC-TGGATCGA_L001_R2.fastq.gz
Y5-CD4Treg,HJM2TDSX2_104492-003-033_TACCGAGG-AGTTCAGG_L001_R1.fastq.gz,HJM2TDSX2_104492-003-033_TACCGAGG-AGTTCAGG_L001_R2.fastq.gz
Y5-CD8N,HJM2TDSX2_104492-003-034_CGTTAGAA-GACCTGAA_L001_R1.fastq.gz,HJM2TDSX2_104492-003-034_CGTTAGAA-GACCTGAA_L001_R2.fastq.gz
Y5-CD8EM,HJM2TDSX2_104492-003-035_AGCCTCAT-TCTCTACT_L001_R1.fastq.gz,HJM2TDSX2_104492-003-035_AGCCTCAT-TCTCTACT_L001_R2.fastq.gz
T2-CD4NCD31-,HFTGJDSX5_105217-001-008_AATGCCTC-TGGATCGA_L001_R1.fastq.gz,HFTGJDSX5_105217-001-008_AATGCCTC-TGGATCGA_L001_R2.fastq.gz
T2-CD4NCD31,HFTGJDSX5_105217-001-009_TACCGAGG-AGTTCAGG_L001_R1.fastq.gz,HFTGJDSX5_105217-001-009_TACCGAGG-AGTTCAGG_L001_R2.fastq.gz
T2-CD4CM,HFTGJDSX5_105217-001-010_CGTTAGAA-GACCTGAA_L001_R1.fastq.gz,HFTGJDSX5_105217-001-010_CGTTAGAA-GACCTGAA_L001_R2.fastq.gz
T2-CD4EM,HFTGJDSX5_105217-001-011_AGCCTCAT-TCTCTACT_L001_R1.fastq.gz,HFTGJDSX5_105217-001-011_AGCCTCAT-TCTCTACT_L001_R2.fastq.gz
T2-CD4Treg,HFTGJDSX5_105217-001-012_GATTCTGC-CTCTCGTC_L001_R1.fastq.gz,HFTGJDSX5_105217-001-012_GATTCTGC-CTCTCGTC_L001_R2.fastq.gz
T2-CD8N,HFTGJDSX5_105217-001-013_TCGTAGTG-CCAAGTCT_L001_R1.fastq.gz,HFTGJDSX5_105217-001-013_TCGTAGTG-CCAAGTCT_L001_R2.fastq.gz
T2-CD8EM,HFTGJDSX5_105217-001-014_CTACGACA-TTGGACTC_L001_R1.fastq.gz,HFTGJDSX5_105217-001-014_CTACGACA-TTGGACTC_L001_R2.fastq.gz
T4-CD4NCD31-,HFTGJDSX5_105217-001-015_TAAGTGGT-GGCTTAAG_L001_R1.fastq.gz,HFTGJDSX5_105217-001-015_TAAGTGGT-GGCTTAAG_L001_R2.fastq.gz
T4-CD4NCD31,HFTGJDSX5_105217-001-016_CGGACAAC-AATCCGGA_L001_R1.fastq.gz,HFTGJDSX5_105217-001-016_CGGACAAC-AATCCGGA_L001_R2.fastq.gz
T4-CD4CM,HFTGJDSX5_105217-001-017_ATATGGAT-TAATACAG_L001_R1.fastq.gz,HFTGJDSX5_105217-001-017_ATATGGAT-TAATACAG_L001_R2.fastq.gz
T4-CD4EM,HFTGJDSX5_105217-001-018_GCGCAAGC-CGGCGTGA_L001_R1.fastq.gz,HFTGJDSX5_105217-001-018_GCGCAAGC-CGGCGTGA_L001_R2.fastq.gz
T4-CD4Treg,HFTGJDSX5_105217-001-019_AAGATACT-ATGTAAGT_L001_R1.fastq.gz,HFTGJDSX5_105217-001-019_AAGATACT-ATGTAAGT_L001_R2.fastq.gz
T4-CD8N,HFTGJDSX5_105217-001-020_GGAGCGTC-GCACGGAC_L001_R1.fastq.gz,HFTGJDSX5_105217-001-020_GGAGCGTC-GCACGGAC_L001_R2.fastq.gz
T4-CD8EM,HFTGJDSX5_105217-001-021_ATGGCATG-GGTACCTT_L001_R1.fastq.gz,HFTGJDSX5_105217-001-021_ATGGCATG-GGTACCTT_L001_R2.fastq.gz
T5-CD4NCD31-,HFTGJDSX5_105217-001-036_GATTCTGC-CTCTCGTC_L002_R1.fastq.gz,HFTGJDSX5_105217-001-036_GATTCTGC-CTCTCGTC_L002_R2.fastq.gz
T5-CD4NCD31,HLJFCDRX2_105217-001-037_TCGTAGTG-CCAAGTCT_L002_R1.fastq.gz,HFTGJDSX5_105217-001-037_TCGTAGTG-CCAAGTCT_L002_R2.fastq.gz
T5-CD4CM,HLJFCDRX2_105217-001-038_CTACGACA-TTGGACTC_L002_R1.fastq.gz,HLJFCDRX2_105217-001-038_CTACGACA-TTGGACTC_L002_R2.fastq.gz
T5-CD4EM,HLJFCDRX2_105217-001-039_TAAGTGGT-GGCTTAAG_L002_R1.fastq.gz,HLJFCDRX2_105217-001-039_TAAGTGGT-GGCTTAAG_L002_R2.fastq.gz
T5-CD4Treg,HLJFCDRX2_105217-001-040_CGGACAAC-AATCCGGA_L002_R1.fastq.gz,HFTGJDSX5_105217-001-040_CGGACAAC-AATCCGGA_L002_R2.fastq.gz
T5-CD8N,HFTGJDSX5_105217-001-041_ATATGGAT-TAATACAG_L002_R1.fastq.gz,HLJFCDRX2_105217-001-041_ATATGGAT-TAATACAG_L002_R2.fastq.gz
T5-CD8EM,HFTGJDSX5_105217-001-042_GCGCAAGC-CGGCGTGA_L002_R1.fastq.gz,HLJFCDRX2_105217-001-042_GCGCAAGC-CGGCGTGA_L002_R2.fastq.gz
T10-CD4NCD31-,HFTGJDSX5_105217-001-043_AAGATACT-ATGTAAGT_L002_R1.fastq.gz,HFTGJDSX5_105217-001-043_AAGATACT-ATGTAAGT_L002_R2.fastq.gz
T10-CD4NCD31,HFTGJDSX5_105217-001-044_GGAGCGTC-GCACGGAC_L002_R1.fastq.gz,HFTGJDSX5_105217-001-044_GGAGCGTC-GCACGGAC_L002_R2.fastq.gz
T10-CD4CM,HLJFCDRX2_105217-001-045_ATGGCATG-GGTACCTT_L002_R1.fastq.gz,HFTGJDSX5_105217-001-045_ATGGCATG-GGTACCTT_L002_R2.fastq.gz
T10-CD4EM,HFTGJDSX5_105217-001-046_GCAATGCA-AACGTTCC_L002_R1.fastq.gz,HFTGJDSX5_105217-001-046_GCAATGCA-AACGTTCC_L002_R2.fastq.gz
T10-CD4Treg,HLJFCDRX2_105217-001-047_GTTCCAAT-GCAGAATT_L002_R1.fastq.gz,HFTGJDSX5_105217-001-047_GTTCCAAT-GCAGAATT_L002_R2.fastq.gz
T10-CD8N,HFTGJDSX5_105217-001-048_ACCTTGGC-ATGAGGCC_L002_R1.fastq.gz,HFTGJDSX5_105217-001-048_ACCTTGGC-ATGAGGCC_L002_R2.fastq.gz
T10-CD8EM,H3THNDSX5_105217-001-049_ACTAAGAT-CCGCGGTT_L004_R1.fastq.gz,H3THNDSX5_105217-001-049_ACTAAGAT-CCGCGGTT_L004_R2.fastq.gz
T6-CD4NCD31,H3THNDSX5_105217-001-065_ATATGGAT-TAATACAG_L004_R1.fastq.gz,H3THNDSX5_105217-001-065_ATATGGAT-TAATACAG_L004_R2.fastq.gz
T6-CD4CM,H3THNDSX5_105217-001-066_GCGCAAGC-CGGCGTGA_L004_R1.fastq.gz,H3THNDSX5_105217-001-066_GCGCAAGC-CGGCGTGA_L004_R2.fastq.gz
T6-CD4EM,H3THNDSX5_105217-001-067_AAGATACT-ATGTAAGT_L004_R1.fastq.gz,H3THNDSX5_105217-001-067_AAGATACT-ATGTAAGT_L004_R2.fastq.gz
T6-CD4Treg,H3THNDSX5_105217-001-068_GGAGCGTC-GCACGGAC_L004_R1.fastq.gz,H3THNDSX5_105217-001-068_GGAGCGTC-GCACGGAC_L004_R2.fastq.gz
T6-CD8N,H3THNDSX5_105217-001-069_ATGGCATG-GGTACCTT_L004_R1.fastq.gz,H3THNDSX5_105217-001-069_ATGGCATG-GGTACCTT_L004_R2.fastq.gz
T6-CD8EM,H3THNDSX5_105217-001-070_GCAATGCA-AACGTTCC_L004_R1.fastq.gz,H3THNDSX5_105217-001-070_GCAATGCA-AACGTTCC_L004_R2.fastq.gz
T9-CD4NCD31-,HFTGJDSX5_105217-001-029_CCGTGAAG-ATCCACTG_L002_R1.fastq.gz,HLJFCDRX2_105217-001-029_CCGTGAAG-ATCCACTG_L002_R2.fastq.gz
T9-CD4NCD31,HLJFCDRX2_105217-001-030_TTACAGGA-GCTTGTCA_L002_R1.fastq.gz,HLJFCDRX2_105217-001-030_TTACAGGA-GCTTGTCA_L002_R2.fastq.gz
T9-CD4CM,HFTGJDSX5_105217-001-031_GGCATTCT-CAAGCTAG_L002_R1.fastq.gz,HFTGJDSX5_105217-001-031_GGCATTCT-CAAGCTAG_L002_R2.fastq.gz
T9-CD4EM,HLJFCDRX2_105217-001-032_AATGCCTC-TGGATCGA_L002_R1.fastq.gz,HLJFCDRX2_105217-001-032_AATGCCTC-TGGATCGA_L002_R2.fastq.gz
T9-CD4Treg,HFTGJDSX5_105217-001-033_TACCGAGG-AGTTCAGG_L002_R1.fastq.gz,HFTGJDSX5_105217-001-033_TACCGAGG-AGTTCAGG_L002_R2.fastq.gz
T9-CD8EM,HFTGJDSX5_105217-001-035_AGCCTCAT-TCTCTACT_L002_R1.fastq.gz,HFTGJDSX5_105217-001-035_AGCCTCAT-TCTCTACT_L002_R2.fastq.gz
A5-CD4NCD31-,HGTTYDSX2_104492-003-062_CGGACAAC-AATCCGGA_L003_R1.fastq.gz,HGTTYDSX2_104492-003-062_CGGACAAC-AATCCGGA_L003_R2.fastq.gz
A5-CD4NCD31,HGTTYDSX2_104492-003-063_ATATGGAT-TAATACAG_L003_R1.fastq.gz,HGTTYDSX2_104492-003-063_ATATGGAT-TAATACAG_L003_R2.fastq.gz
A5-CD4CM,HGTTYDSX2_104492-003-064_GCGCAAGC-CGGCGTGA_L003_R1.fastq.gz,HGTTYDSX2_104492-003-064_GCGCAAGC-CGGCGTGA_L003_R2.fastq.gz
A5-CD4EM,HGN3HDRXY_104492-003-065_AAGATACT-ATGTAAGT_L001_R1.fastq.gz,HGN3HDRXY_104492-003-065_AAGATACT-ATGTAAGT_L001_R2.fastq.gz
A5-CD4Treg,HGN3HDRXY_104492-003-066_GGAGCGTC-GCACGGAC_L001_R1.fastq.gz,HGN3HDRXY_104492-003-066_GGAGCGTC-GCACGGAC_L001_R2.fastq.gz
A5-CD8N,HGN3HDRXY_104492-003-067_ATGGCATG-GGTACCTT_L001_R1.fastq.gz,HGN3HDRXY_104492-003-067_ATGGCATG-GGTACCTT_L001_R2.fastq.gz
A5-CD8EM,HGN3HDRXY_104492-003-068_GCAATGCA-AACGTTCC_L001_R1.fastq.gz,HGN3HDRXY_104492-003-068_GCAATGCA-AACGTTCC_L001_R2.fastq.gz
A6-CD4NCD31-,HGTTYDSX2_104492-003-048_GTCGGAGC-TTATAACC_L003_R1.fastq.gz,HGTTYDSX2_104492-003-048_GTCGGAGC-TTATAACC_L003_R2.fastq.gz
A6-CD4NCD31,HGTTYDSX2_104492-003-049_CTTGGTAT-GGACTTGG_L003_R1.fastq.gz,HGTTYDSX2_104492-003-049_CTTGGTAT-GGACTTGG_L003_R2.fastq.gz
A6-CD4CM,HGTTYDSX2_104492-003-050_TCCAACGC-AAGTCCAA_L003_R1.fastq.gz,HGTTYDSX2_104492-003-050_TCCAACGC-AAGTCCAA_L003_R2.fastq.gz
A6-CD4EM,HGTTYDSX2_104492-003-051_CCGTGAAG-ATCCACTG_L003_R1.fastq.gz,HGTTYDSX2_104492-003-051_CCGTGAAG-ATCCACTG_L003_R2.fastq.gz
A6-CD4Treg,HGTTYDSX2_104492-003-052_TTACAGGA-GCTTGTCA_L003_R1.fastq.gz,HGTTYDSX2_104492-003-052_TTACAGGA-GCTTGTCA_L003_R2.fastq.gz
A6-CD8N,HGTTYDSX2_104492-003-053_GGCATTCT-CAAGCTAG_L003_R1.fastq.gz,HGTTYDSX2_104492-003-053_GGCATTCT-CAAGCTAG_L003_R2.fastq.gz
A6-CD8EM,HGTTYDSX2_104492-003-054_AATGCCTC-TGGATCGA_L003_R1.fastq.gz,HGTTYDSX2_104492-003-054_AATGCCTC-TGGATCGA_L003_R2.fastq.gz
A12-CD4NCD31-,H7V7FDSX5_105217-003-102_GGAGCGTC-GCACGGAC_L003_R1.fastq.gz,H7V7FDSX5_105217-003-102_GGAGCGTC-GCACGGAC_L003_R2.fastq.gz
A12-CD4NCD31,HLNKWDSX5_105217-003-103_ATGGCATG-GGTACCTT_L002_R1.fastq.gz,HLNKWDSX5_105217-003-103_ATGGCATG-GGTACCTT_L002_R2.fastq.gz
A12-CD4CM,H7V7FDSX5_105217-003-104_GCAATGCA-AACGTTCC_L003_R1.fastq.gz,H7TYMDSX5_105217-003-104_GCAATGCA-AACGTTCC_L003_R2.fastq.gz
A12-CD4EM,HLNKWDSX5_105217-003-105_GTTCCAAT-GCAGAATT_L002_R1.fastq.gz,H7TYMDSX5_105217-003-105_GTTCCAAT-GCAGAATT_L003_R2.fastq.gz
A12-CD4Treg,HLNKWDSX5_105217-003-106_ACCTTGGC-ATGAGGCC_L002_R1.fastq.gz,H7TYMDSX5_105217-003-106_ACCTTGGC-ATGAGGCC_L003_R2.fastq.gz
A12-CD8N,H7TYMDSX5_105217-003-107_ACTAAGAT-CCGCGGTT_L003_R1.fastq.gz,H7V7FDSX5_105217-003-107_ACTAAGAT-CCGCGGTT_L003_R2.fastq.gz
A12-CD8EM,HLNKWDSX5_105217-003-108_GTCGGAGC-TTATAACC_L002_R1.fastq.gz,H7V7FDSX5_105217-003-108_GTCGGAGC-TTATAACC_L003_R2.fastq.gz
A13-CD4NCD31,H7TYMDSX5_105217-003-117_AGCCTCAT-TCTCTACT_L003_R1.fastq.gz,H7TYMDSX5_105217-003-117_AGCCTCAT-TCTCTACT_L003_R2.fastq.gz
A13-CD4CM,HLNKWDSX5_105217-003-118_GATTCTGC-CTCTCGTC_L002_R1.fastq.gz,H7TYMDSX5_105217-003-118_GATTCTGC-CTCTCGTC_L003_R2.fastq.gz
A13-CD4EM,H7V7FDSX5_105217-003-119_TCGTAGTG-CCAAGTCT_L003_R1.fastq.gz,H7TYMDSX5_105217-003-119_TCGTAGTG-CCAAGTCT_L003_R2.fastq.gz
A13-CD4Treg,H7TYMDSX5_105217-003-120_CTACGACA-TTGGACTC_L003_R1.fastq.gz,HLNKWDSX5_105217-003-120_CTACGACA-TTGGACTC_L002_R2.fastq.gz
A13-CD8N,H7TYMDSX5_105217-003-121_TAAGTGGT-GGCTTAAG_L003_R1.fastq.gz,H7V7FDSX5_105217-003-121_TAAGTGGT-GGCTTAAG_L003_R2.fastq.gz
A13-CD8EM,H7V7FDSX5_105217-003-122_CGGACAAC-AATCCGGA_L003_R1.fastq.gz,H7TYMDSX5_105217-003-122_CGGACAAC-AATCCGGA_L003_R2.fastq.gz
A9-CD4NCD31,H7TYMDSX5_105217-002-079R_GGCATTCT-CAAGCTAG_L002_R1.fastq.gz,H7TYMDSX5_105217-002-079R_GGCATTCT-CAAGCTAG_L002_R2.fastq.gz
A9-CD4CM,H7V7FDSX5_105217-003-080_AATGCCTC-TGGATCGA_L003_R1.fastq.gz,H7V7FDSX5_105217-003-080_AATGCCTC-TGGATCGA_L003_R2.fastq.gz
A9-CD4EM,H7TYMDSX5_105217-001-081_TACCGAGG-AGTTCAGG_L002_R1.fastq.gz,H7TYMDSX5_105217-001-081_TACCGAGG-AGTTCAGG_L002_R2.fastq.gz
A9-CD4Treg,H7TYMDSX5_105217-001-082_CGTTAGAA-GACCTGAA_L002_R1.fastq.gz,H7TYMDSX5_105217-001-082_CGTTAGAA-GACCTGAA_L002_R2.fastq.gz
A9-CD8N,H7TYMDSX5_105217-001-083_AGCCTCAT-TCTCTACT_L002_R1.fastq.gz,H7TYMDSX5_105217-001-083_AGCCTCAT-TCTCTACT_L002_R2.fastq.gz
A9-CD8EM,HNNJ2DRX2_105217-001-084_GATTCTGC-CTCTCGTC_L002_R1.fastq.gz,H7TYMDSX5_105217-001-084_GATTCTGC-CTCTCGTC_L002_R2.fastq.gz
A10-CD4NCD31-,HLNKWDSX5_105217-001-085_TCGTAGTG-CCAAGTCT_L004_R1.fastq.gz,H7TYMDSX5_105217-001-085_TCGTAGTG-CCAAGTCT_L002_R2.fastq.gz
A10-CD4NCD31,HNNJ2DRX2_105217-003-086_CTACGACA-TTGGACTC_L002_R1.fastq.gz,HLNKWDSX5_105217-003-086_CTACGACA-TTGGACTC_L004_R2.fastq.gz
A10-CD4CM,HNNJ2DRX2_105217-003-087_TAAGTGGT-GGCTTAAG_L002_R1.fastq.gz,HNNJ2DRX2_105217-003-087_TAAGTGGT-GGCTTAAG_L002_R2.fastq.gz
A10-CD4EM,H7TYMDSX5_105217-003-088_CGGACAAC-AATCCGGA_L002_R1.fastq.gz,H7TYMDSX5_105217-003-088_CGGACAAC-AATCCGGA_L002_R2.fastq.gz
A10-CD4Treg,HNNJ2DRX2_105217-001-089_ATATGGAT-TAATACAG_L002_R1.fastq.gz,HLNKWDSX5_105217-001-089_ATATGGAT-TAATACAG_L004_R2.fastq.gz
A10-CD8N,H7TYMDSX5_105217-001-090_GCGCAAGC-CGGCGTGA_L002_R1.fastq.gz,H7TYMDSX5_105217-001-090_GCGCAAGC-CGGCGTGA_L002_R2.fastq.gz
A10-CD8EM,H7V7FDSX5_105217-003-091_AAGATACT-ATGTAAGT_L003_R1.fastq.gz,HLNKWDSX5_105217-003-091_AAGATACT-ATGTAAGT_L002_R2.fastq.gz
